success,filetype,proportion
0,NA,1.0
1,pdf,0.8279843236945239
1,html,0.16926173074886136
1,zip,0.001271051795360661
1,gif,0.0009532888465204957
1,xlsx,0.00042368393178688696
1,doc,0.00010592098294672174
